Cluster,N,Depression,Anxiety,Stress,Burnout
0,389,-0.6448682147767744,-0.5737120251493363,-0.46539300398666994,-0.5787622063669948
1,307,0.8171131451080297,0.726951067697368,0.5896999301329465,0.7333501572532932
