Cluster,N,Depression,Anxiety,Stress,Burnout
0,29,-0.2209768246565134,0.09030985713255521,0.13455005047309715,0.1121014671755091
1,12,1.0229744236669223,0.6983962284917604,-0.30682011509591733,0.3694252895556553
2,29,-0.7282190812544191,-0.7123641530615958,0.06486002433062119,-0.696630546019236
3,10,1.3732131246511905,1.4037764192684385,0.13106554916597338,1.4354811251305466
