Cluster,N,Depression,Anxiety,Stress,Burnout
0,12786,0.7505846926711283,0.5035042984608364,0.40806274438277773,-0.22161865385948332
1,9534,-1.0002886589485362,-0.6649125437641918,-0.5495427456275087,0.2929391053140843
