Cluster,N,Depression,Anxiety,Stress,Burnout
0,507,-0.6748259728851348,-0.37478203372078817,-0.215435659592272,-0.44883361211420103
1,468,0.7310614706255626,0.4060138698641873,0.2333886312249616,0.48623641312371785
