dataset,pca_dim,k,silhouette,calinski_harabasz,davies_bouldin
D1-Swiss,1,2,0.571961504064547,139.65819981798683,0.5671328428279743
D2-Cultural,1,4,0.7934319119934332,407.37986993934646,0.12102752007238413
D3-Academic,1,2,0.6600968521784571,7603.139556627398,0.4502067403907696
D4-Tech,1,2,0.5475613759004643,166.49713635409026,0.6078821694584697
