Cluster,N,Depression,Anxiety,Stress,Burnout
0,19,-0.7282190812544191,-0.7123641530615957,-0.7145678996312812,-0.696630546019236
1,4,1.3732131246511905,-0.7123641530615956,-0.22261133350709217,1.4354811251305466
2,12,-0.7282190812544193,1.4037764192684385,-0.30682011509591733,-0.3412786008276056
3,10,1.3732131246511905,1.4037764192684385,0.13106554916597338,1.4354811251305466
4,7,1.3732131246511905,-0.7123641530615955,0.3187308338496409,-0.696630546019236
5,11,-0.7282190812544193,-0.5199877373952289,1.5917051425430493,-0.696630546019236
6,11,-0.7282190812544193,-0.7123641530615955,0.12187913662901063,1.4354811251305468
7,6,1.3732131246511905,1.4037764192684383,-0.13840255191826709,-0.696630546019236
